{"products":[{"id":0.8321634629300056,"qty":1},{"id":0.2519173977420952,"qty":3}],"totalPrice":110}