{"products":[{"id":0.8773852767375674,"qty":1},{"id":0.402733949373691,"qty":2},{"id":0.2528473957428643,"qty":1}],"totalPrice":50}